seed,strategy,nec,error,mae,n_train,n_test
0,standard,0.028986322988721145,0.060945273631840796,,6432,804
0,weighted,0.026941197353246044,0.05845771144278607,,6432,804
0,p_up,0.03416433385081475,0.06218905472636816,,6432,804
0,tdown30,0.0302105613970209,0.06716417910447761,,6432,804
0,tdown50,0.029453272915380493,0.06467661691542288,,6432,804
0,tdown70,0.03330975690749594,0.06716417910447761,,6432,804
0,regression,0.035177337234293726,0.06592039800995025,0.8412453404243346,6432,804
1,standard,0.03996792161908897,0.06218905472636816,,6432,804
1,weighted,0.03500981912914977,0.05845771144278607,,6432,804
1,p_up,0.0399506985997954,0.06343283582089553,,6432,804
1,tdown30,0.03170386364384836,0.05472636815920398,,6432,804
1,tdown50,0.03385472479444122,0.05721393034825871,,6432,804
1,tdown70,0.036300200897323734,0.05721393034825871,,6432,804
1,regression,0.032259567469051786,0.05472636815920398,0.7632481822146868,6432,804
2,standard,0.04685596148510128,0.07587064676616916,,6432,804
2,weighted,0.04225376565993181,0.07213930348258707,,6432,804
2,p_up,0.04653040586472416,0.07587064676616916,,6432,804
2,tdown30,0.036924809578890605,0.0708955223880597,,6432,804
2,tdown50,0.0400773742142423,0.07213930348258707,,6432,804
2,tdown70,0.043347895163047406,0.07587064676616916,,6432,804
2,regression,0.041545587829798857,0.07213930348258707,0.8002080127944627,6432,804
3,standard,0.046886949692377215,0.07835820895522388,,6432,804
3,weighted,0.04074270146814122,0.0708955223880597,,6432,804
3,p_up,0.046367655850863644,0.07587064676616916,,6432,804
3,tdown30,0.04291269882067151,0.0708955223880597,,6432,804
3,tdown50,0.04284546895394648,0.0708955223880597,,6432,804
3,tdown70,0.04275415722690971,0.0708955223880597,,6432,804
3,regression,0.046026198785812274,0.07338308457711443,0.7826683332454512,6432,804
4,standard,0.03275403044427713,0.05845771144278607,,6432,804
4,weighted,0.026177554830513476,0.04975124378109453,,6432,804
4,p_up,0.02789844669221068,0.05223880597014925,,6432,804
4,tdown30,0.03287395919118682,0.06343283582089553,,6432,804
4,tdown50,0.02984228609611867,0.06218905472636816,,6432,804
4,tdown70,0.03073125727145951,0.05845771144278607,,6432,804
4,regression,0.03349559105658945,0.05721393034825871,0.7738428431969571,6432,804
5,standard,0.036068631877315384,0.05223880597014925,,6432,804
5,weighted,0.03304818591874842,0.048507462686567165,,6432,804
5,p_up,0.03733222178105807,0.053482587064676616,,6432,804
5,tdown30,0.0342208965844004,0.05845771144278607,,6432,804
5,tdown50,0.028079176415704767,0.05099502487562189,,6432,804
5,tdown70,0.030765773355739285,0.04975124378109453,,6432,804
5,regression,0.042749508177774335,0.05970149253731343,0.7958801910929325,6432,804
6,standard,0.039052910867871556,0.07462686567164178,,6432,804
6,weighted,0.03755373139096872,0.07338308457711443,,6432,804
6,p_up,0.0364134357314318,0.06965174129353234,,6432,804
6,tdown30,0.03438530950891107,0.07462686567164178,,6432,804
6,tdown50,0.0273001479544121,0.060945273631840796,,6432,804
6,tdown70,0.028298923320958055,0.05970149253731343,,6432,804
6,regression,0.030630297551597522,0.06218905472636816,0.7706594565689439,6432,804
7,standard,0.04269271108622803,0.06343283582089553,,6432,804
7,weighted,0.03820643074570623,0.06218905472636816,,6432,804
7,p_up,0.042655948866592595,0.0708955223880597,,6432,804
7,tdown30,0.0404956394145036,0.06716417910447761,,6432,804
7,tdown50,0.04245310134913777,0.06467661691542288,,6432,804
7,tdown70,0.046701506491087445,0.06965174129353234,,6432,804
7,regression,0.04334358586890743,0.06840796019900497,0.8319534079544727,6432,804
8,standard,0.05037034200315838,0.07711442786069651,,6432,804
8,weighted,0.041323013040952934,0.06592039800995025,,6432,804
8,p_up,0.03831777462660261,0.06965174129353234,,6432,804
8,tdown30,0.04355449880435431,0.07213930348258707,,6432,804
8,tdown50,0.03996846676828437,0.06716417910447761,,6432,804
8,tdown70,0.038341928468610176,0.06592039800995025,,6432,804
8,regression,0.04330466699884282,0.07213930348258707,0.8178779622439044,6432,804
9,standard,0.04281455624735339,0.06716417910447761,,6432,804
9,weighted,0.03796720940355402,0.05970149253731343,,6432,804
9,p_up,0.03544260198610237,0.05721393034825871,,6432,804
9,tdown30,0.03460266959217041,0.060945273631840796,,6432,804
9,tdown50,0.03239129079435886,0.05970149253731343,,6432,804
9,tdown70,0.03361274998583268,0.055970149253731345,,6432,804
9,regression,0.03157437613800955,0.05472636815920398,0.7703936135808066,6432,804
