binarization,strategy,n_seeds,nec,nec_mean,error,error_mean,mae,ratio_err_over_nec
head_only,standard,10,4.38 ± 0.33,4.382796480801547,6.63 ± 0.39,6.629353233830845,,1.51
head_only,weighted,10,4.18 ± 0.31,4.175661444568498,6.55 ± 0.37,6.554726368159204,,1.57
head_only,p_up,10,4.56 ± 0.47,4.558125407479818,6.95 ± 0.46,6.95273631840796,,1.53
head_only,tdown30,10,4.54 ± 0.35,4.53583992384084,7.35 ± 0.34,7.350746268656716,,1.62
head_only,tdown50,10,3.98 ± 0.26,3.9780248425203295,6.39 ± 0.27,6.393034825870647,,1.61
head_only,tdown70,10,4.06 ± 0.27,4.055007783651439,6.34 ± 0.26,6.343283582089552,,1.56
head_only,regression,10,4.62 ± 0.29,4.624993406886305,7.38 ± 0.23,7.375621890547265,0.836,1.59
any_injury,standard,10,4.06 ± 0.41,4.064503383114924,6.70 ± 0.56,6.703980099502488,,1.65
any_injury,weighted,10,3.59 ± 0.35,3.592236089409126,6.19 ± 0.54,6.1940298507462686,,1.72
any_injury,p_up,10,3.85 ± 0.35,3.8507352385019606,6.50 ± 0.54,6.50497512437811,,1.69
any_injury,tdown30,10,3.62 ± 0.29,3.61884906535958,6.60 ± 0.40,6.604477611940299,,1.83
any_injury,tdown50,10,3.46 ± 0.38,3.46265310256027,6.31 ± 0.39,6.305970149253731,,1.82
any_injury,tdown70,10,3.64 ± 0.38,3.641641490884639,6.31 ± 0.50,6.3059701492537314,,1.73
any_injury,regression,10,3.80 ± 0.37,3.8010671711067774,6.41 ± 0.45,6.4054726368159205,0.795,1.69
