claim,item,this_repro,paper
1,Jigsaw error/NEC ratio,2.92x (2.02 NEC / 5.91 err; leak-free TF-IDF),~3.0x (1.76 / 5.34)
2,Turkey ratio,1.65x any-injury (4.06 / 6.70); 1.51x head-only,1.6x (4.16 / 6.68)
2,NHANES ratio,1.37x (15.70 / 21.57; N=7457 vs paper 7455),1.5x (14.8 / 21.7)
2,iNaturalist,BLOCKED (annotations unreleased),1.1x (9.3 / 11.1)
3,Cost eqs 3/4/rating,Eq3+Eq4 verified on real data; rating transform synthetic demo only,3 sources
5,Turkey weighting,-11.6% rel NEC (helps),-14.5% (helps)
5,NHANES weighting,-1.9% (modest),~-2.5% (modest)
5,Jigsaw weighting,+11.4% (harms; diverges),negligible (neutral)
5,Synthetic weighting,+0.2% (neutral; boundary coincidence; diverges),-18.6% (helps)
6,Jigsaw Δ-reg MAE,0.325,0.30
6,reg vs class NEC,reg slightly lower on all 3 real datasets; paired diff significant on Jigsaw (-0.06 pts),no systematic advantage; small + inconsistent direction
4,Turkey FT (toy),frozen 3.93 -> top-block FT 3.87 NEC (3 noisy seeds; exploratory only; NOT reproduced),"frozen 4.2 -> FT 2.3 (GPU, full)"
